<?xml version="1.0" encoding="UTF-8"?>
<project-private xmlns="http://www.netbeans.org/ns/project-private/1">
    <editor-bookmarks xmlns="http://www.netbeans.org/ns/editor-bookmarks/2" lastBookmarkId="0"/>
    <open-files xmlns="http://www.netbeans.org/ns/projectui-open-files/2">
        <group>
            <file>file:/C:/Users/shrut/OneDrive/Documents/NetBeansProjects/pw2Bank_Shrutika_Rahul_%5BYash%5D/src/pw2bank_shrutika_rahul_/yash/Bank.java</file>
            <file>file:/C:/Users/shrut/OneDrive/Documents/NetBeansProjects/pw2Bank_Shrutika_Rahul_%5BYash%5D/src/pw2bank_shrutika_rahul_/yash/Account.java</file>
            <file>file:/C:/Users/shrut/OneDrive/Documents/NetBeansProjects/pw2Bank_Shrutika_Rahul_%5BYash%5D/src/pw2bank_shrutika_rahul_/yash/Pw2Bank_Shrutika_Rahul_Yash.java</file>
        </group>
    </open-files>
</project-private>
